old_url,new_url
https://agent-ossaliyun.oss-cn-beijing.aliyuncs.com/2026/02/14/0dd448c4a89540d6a29adacba1aaab81.jpg,https://cdn.jsdelivr.net/gh/adxuanyan45-cpu/img-cdn@main/images/2026-02-25/6a6fa65d0ca4284f.jpg
https://agent-ossaliyun.oss-cn-beijing.aliyuncs.com/2026/02/14/2183f63858e94ee096b408ae1190f091.jpg,https://cdn.jsdelivr.net/gh/adxuanyan45-cpu/img-cdn@main/images/2026-02-25/c1bf835cebeed69e.jpg
https://agent-ossaliyun.oss-cn-beijing.aliyuncs.com/2026/02/14/2366ffc8b5e94c8b87792045a0f7ffad.jpg,https://cdn.jsdelivr.net/gh/adxuanyan45-cpu/img-cdn@main/images/2026-02-25/e361a07fdaf67eb9.jpg
https://agent-ossaliyun.oss-cn-beijing.aliyuncs.com/2026/02/14/2eef10ed31b640c2939c6aa14b3cf4cd.jpg,https://cdn.jsdelivr.net/gh/adxuanyan45-cpu/img-cdn@main/images/2026-02-25/0489f26492de5a1a.jpg
https://agent-ossaliyun.oss-cn-beijing.aliyuncs.com/2026/02/14/2f55c520c38d466bbed22aa72a59e831.jpg,https://cdn.jsdelivr.net/gh/adxuanyan45-cpu/img-cdn@main/images/2026-02-25/fd2e654e8d021bf6.jpg
https://agent-ossaliyun.oss-cn-beijing.aliyuncs.com/2026/02/14/3d889746cda64778b714ac4767bc5912.jpg,https://cdn.jsdelivr.net/gh/adxuanyan45-cpu/img-cdn@main/images/2026-02-25/996d7a7b985704d2.jpg
https://agent-ossaliyun.oss-cn-beijing.aliyuncs.com/2026/02/14/4094c5af2a1649d193b37c91cd035f5f.jpg,https://cdn.jsdelivr.net/gh/adxuanyan45-cpu/img-cdn@main/images/2026-02-25/bb220024a283dcd6.jpg
https://agent-ossaliyun.oss-cn-beijing.aliyuncs.com/2026/02/14/64204f5b86bf4373b50ce0cdc6c82504.jpg,https://cdn.jsdelivr.net/gh/adxuanyan45-cpu/img-cdn@main/images/2026-02-25/1a2a12313647419d.jpg
https://agent-ossaliyun.oss-cn-beijing.aliyuncs.com/2026/02/14/680ee1b69cc94ab88c7f380e7b00550f.jpg,https://cdn.jsdelivr.net/gh/adxuanyan45-cpu/img-cdn@main/images/2026-02-25/8ebbfb3dbbdc112a.jpg
https://agent-ossaliyun.oss-cn-beijing.aliyuncs.com/2026/02/14/8bad970e7a304c3f84eebf7bd67e4559.jpg,https://cdn.jsdelivr.net/gh/adxuanyan45-cpu/img-cdn@main/images/2026-02-25/ddd2c6c1df666a4b.jpg
https://agent-ossaliyun.oss-cn-beijing.aliyuncs.com/2026/02/14/8d49b1cdd0094bfcb6b6e529852167d6.jpg,https://cdn.jsdelivr.net/gh/adxuanyan45-cpu/img-cdn@main/images/2026-02-25/3fc201bf4d49a604.jpg
https://agent-ossaliyun.oss-cn-beijing.aliyuncs.com/2026/02/14/9f399c6c826a48448b1c67f67b63aade.jpg,https://cdn.jsdelivr.net/gh/adxuanyan45-cpu/img-cdn@main/images/2026-02-25/e41f882f47668642.jpg
https://agent-ossaliyun.oss-cn-beijing.aliyuncs.com/2026/02/14/b7ab3da712b744dd9725fde94dce8c08.jpg,https://cdn.jsdelivr.net/gh/adxuanyan45-cpu/img-cdn@main/images/2026-02-25/e1b806b1fccfbcf6.jpg
https://agent-ossaliyun.oss-cn-beijing.aliyuncs.com/2026/02/14/e97c8ed9e1b740a69a30a6464ff76fc9.jpg,https://cdn.jsdelivr.net/gh/adxuanyan45-cpu/img-cdn@main/images/2026-02-25/d7191d90d63f34b5.jpg
https://agent-ossaliyun.oss-cn-beijing.aliyuncs.com/2026/02/14/ea031f8f18a541aeb75a596476c191ae.jpg,https://cdn.jsdelivr.net/gh/adxuanyan45-cpu/img-cdn@main/images/2026-02-25/62b59db6e09931e3.jpg
https://agent-ossaliyun.oss-cn-beijing.aliyuncs.com/2026/02/14/fef5a57d7f1e42b7853a38d0af0f4d23.jpg,https://cdn.jsdelivr.net/gh/adxuanyan45-cpu/img-cdn@main/images/2026-02-25/06e57953d1796268.jpg
